"ID","Name","Address","PhoneNum","Occupation","Gender","Location"
"1","  ","  ","  ","  ","  ","我一个人来 Tokyo"
"3","John Smith","123   Apple Street","555-1234","  ","  ","  "
"4","Jane Doe","456 Orange Street","555-5678","  ","  ","  "
"5","Karim","123   Apple Street","111-2222","  ","  ","  "
"6","Doe Doe","456 Orange Street","我一个人来","  ","  ","  "
"1111","John Smith","123   Apple Street","555-1234","  ","  ","  "
"3333","Mary Phil","  ","  ","Doctor","Female","  "
"5555","Jane Doe","456 Orange Street","555-5678","Teacher","Female","  "
"6666","Jerry Springfield","  ","  ","Pilot","Male","  "
